id,name,type_primary,type_secondary,ability_primary,ability_secondary,ability_hidden,hp,attack,defense,special_attack,special_defense,speed
1,Bulbasaur,Grass,Poison,Overgrow,Overgrow,Chlorophyll,45,49,49,65,65,45
2,Ivysaur,Grass,Poison,Overgrow,Overgrow,Chlorophyll,60,62,63,80,80,60
3,Venusaur,Grass,Poison,Overgrow,Overgrow,Chlorophyll,80,82,83,100,100,80
4,Charmander,Fire,Fire,Blaze,Blaze,Solar power,39,52,43,60,50,65
5,Charmeleon,Fire,Fire,Blaze,Blaze,Solar power,58,64,58,80,65,80
6,Charizard,Fire,Flying,Blaze,Blaze,Solar power,78,84,78,109,85,100
7,Squirtle,Water,Water,Torrent,Torrent,Rain dish,44,48,65,50,64,43
8,Wartortle,Water,Water,Torrent,Torrent,Rain dish,59,63,80,65,80,58
9,Blastoise,Water,Water,Torrent,Torrent,Rain dish,79,83,100,85,105,78
10,Caterpie,Bug,Bug,Shield dust,Shield dust,Run away,45,30,35,20,20,45
11,Metapod,Bug,Bug,Shed skin,Shed skin,,50,20,55,25,25,30
12,Butterfree,Bug,Flying,Compound eyes,Compound eyes,Tinted lens,60,45,50,90,80,70
13,Weedle,Bug,Poison,Shield dust,Shield dust,Run away,40,35,30,20,20,50
14,Kakuna,Bug,Poison,Shed skin,Shed skin,,45,25,50,25,25,35
15,Beedrill,Bug,Poison,Swarm,Swarm,Sniper,65,90,40,45,80,75
16,Pidgey,Normal,Flying,Keen eye,Tangled feet,Big pecks,40,45,40,35,35,56
17,Pidgeotto,Normal,Flying,Keen eye,Tangled feet,Big pecks,63,60,55,50,50,71
18,Pidgeot,Normal,Flying,Keen eye,Tangled feet,Big pecks,83,80,75,70,70,101
19,Rattata,Normal,Normal,Run away,Guts,Hustle,30,56,35,25,35,72
20,Raticate,Normal,Normal,Run away,Guts,Hustle,55,81,60,50,70,97
21,Spearow,Normal,Flying,Keen eye,Keen eye,Sniper,40,60,30,31,31,70
22,Fearow,Normal,Flying,Keen eye,Keen eye,Sniper,65,90,65,61,61,100
23,Ekans,Poison,Poison,Intimidate,Shed skin,Unnerve,35,60,44,40,54,55
24,Arbok,Poison,Poison,Intimidate,Shed skin,Unnerve,60,95,69,65,79,80
25,Pikachu,Electric,Electric,Static,Static,Lightning rod,35,55,40,50,50,90
26,Raichu,Electric,Electric,Static,Static,Lightning rod,60,90,55,90,80,110
27,Sandshrew,Ground,Ground,Sand veil,Sand veil,Sand rush,50,75,85,20,30,40
28,Sandslash,Ground,Ground,Sand veil,Sand veil,Sand rush,75,100,110,45,55,65
29,Nidoran f,Poison,Poison,Poison point,Rivalry,Hustle,55,47,52,40,40,41
30,Nidorina,Poison,Poison,Poison point,Rivalry,Hustle,70,62,67,55,55,56
31,Nidoqueen,Poison,Ground,Poison point,Rivalry,Sheer force,90,92,87,75,85,76
32,Nidoran m,Poison,Poison,Poison point,Rivalry,Hustle,46,57,40,40,40,50
33,Nidorino,Poison,Poison,Poison point,Rivalry,Hustle,61,72,57,55,55,65
34,Nidoking,Poison,Ground,Poison point,Rivalry,Sheer force,81,102,77,85,75,85
35,Clefairy,Fairy,Fairy,Cute charm,Magic guard,Friend guard,70,45,48,60,65,35
36,Clefable,Fairy,Fairy,Cute charm,Magic guard,Unaware,95,70,73,95,90,60
37,Vulpix,Fire,Fire,Flash fire,Flash fire,Drought,38,41,40,50,65,65
38,Ninetales,Fire,Fire,Flash fire,Flash fire,Drought,73,76,75,81,100,100
39,Jigglypuff,Normal,Fairy,Cute charm,Competitive,Friend guard,115,45,20,45,25,20
40,Wigglytuff,Normal,Fairy,Cute charm,Competitive,Frisk,140,70,45,85,50,45
41,Zubat,Poison,Flying,Inner focus,Inner focus,Infiltrator,40,45,35,30,40,55
42,Golbat,Poison,Flying,Inner focus,Inner focus,Infiltrator,75,80,70,65,75,90
43,Oddish,Grass,Poison,Chlorophyll,Chlorophyll,Run away,45,50,55,75,65,30
44,Gloom,Grass,Poison,Chlorophyll,Chlorophyll,Stench,60,65,70,85,75,40
45,Vileplume,Grass,Poison,Chlorophyll,Chlorophyll,Effect spore,75,80,85,110,90,50
46,Paras,Bug,Grass,Effect spore,Dry skin,Damp,35,70,55,45,55,25
47,Parasect,Bug,Grass,Effect spore,Dry skin,Damp,60,95,80,60,80,30
48,Venonat,Bug,Poison,Compound eyes,Tinted lens,Run away,60,55,50,40,55,45
49,Venomoth,Bug,Poison,Shield dust,Tinted lens,Wonder skin,70,65,60,90,75,90
50,Diglett,Ground,Ground,Sand veil,Arena trap,Sand force,10,55,25,35,45,95
51,Dugtrio,Ground,Ground,Sand veil,Arena trap,Sand force,35,100,50,50,70,120
52,Meowth,Normal,Normal,Pickup,Technician,Unnerve,40,45,35,40,40,90
53,Persian,Normal,Normal,Limber,Technician,Unnerve,65,70,60,65,65,115
54,Psyduck,Water,Water,Damp,Cloud nine,Swift swim,50,52,48,65,50,55
55,Golduck,Water,Water,Damp,Cloud nine,Swift swim,80,82,78,95,80,85
56,Mankey,Fighting,Fighting,Vital spirit,Anger point,Defiant,40,80,35,35,45,70
57,Primeape,Fighting,Fighting,Vital spirit,Anger point,Defiant,65,105,60,60,70,95
58,Growlithe,Fire,Fire,Intimidate,Flash fire,Justified,55,70,45,70,50,60
59,Arcanine,Fire,Fire,Intimidate,Flash fire,Justified,90,110,80,100,80,95
60,Poliwag,Water,Water,Water absorb,Damp,Swift swim,40,50,40,40,40,90
61,Poliwhirl,Water,Water,Water absorb,Damp,Swift swim,65,65,65,50,50,90
62,Poliwrath,Water,Fighting,Water absorb,Damp,Swift swim,90,95,95,70,90,70
63,Abra,Psychic,Psychic,Synchronize,Inner focus,Magic guard,25,20,15,105,55,90
64,Kadabra,Psychic,Psychic,Synchronize,Inner focus,Magic guard,40,35,30,120,70,105
65,Alakazam,Psychic,Psychic,Synchronize,Inner focus,Magic guard,55,50,45,135,95,120
66,Machop,Fighting,Fighting,Guts,No guard,Steadfast,70,80,50,35,35,35
67,Machoke,Fighting,Fighting,Guts,No guard,Steadfast,80,100,70,50,60,45
68,Machamp,Fighting,Fighting,Guts,No guard,Steadfast,90,130,80,65,85,55
69,Bellsprout,Grass,Poison,Chlorophyll,Chlorophyll,Gluttony,50,75,35,70,30,40
70,Weepinbell,Grass,Poison,Chlorophyll,Chlorophyll,Gluttony,65,90,50,85,45,55
71,Victreebel,Grass,Poison,Chlorophyll,Chlorophyll,Gluttony,80,105,65,100,70,70
72,Tentacool,Water,Poison,Clear body,Liquid ooze,Rain dish,40,40,35,50,100,70
73,Tentacruel,Water,Poison,Clear body,Liquid ooze,Rain dish,80,70,65,80,120,100
74,Geodude,Rock,Ground,Rock head,Sturdy,Sand veil,40,80,100,30,30,20
75,Graveler,Rock,Ground,Rock head,Sturdy,Sand veil,55,95,115,45,45,35
76,Golem,Rock,Ground,Rock head,Sturdy,Sand veil,80,120,130,55,65,45
77,Ponyta,Fire,Fire,Run away,Flash fire,Flame body,50,85,55,65,65,90
78,Rapidash,Fire,Fire,Run away,Flash fire,Flame body,65,100,70,80,80,105
79,Slowpoke,Water,Psychic,Oblivious,Own tempo,Regenerator,90,65,65,40,40,15
80,Slowbro,Water,Psychic,Oblivious,Own tempo,Regenerator,95,75,110,100,80,30
81,Magnemite,Electric,Steel,Magnet pull,Sturdy,Analytic,25,35,70,95,55,45
82,Magneton,Electric,Steel,Magnet pull,Sturdy,Analytic,50,60,95,120,70,70
83,Farfetchd,Normal,Flying,Keen eye,Inner focus,Defiant,52,90,55,58,62,60
84,Doduo,Normal,Flying,Run away,Early bird,Tangled feet,35,85,45,35,35,75
85,Dodrio,Normal,Flying,Run away,Early bird,Tangled feet,60,110,70,60,60,110
86,Seel,Water,Water,Thick fat,Hydration,Ice body,65,45,55,45,70,45
87,Dewgong,Water,Ice,Thick fat,Hydration,Ice body,90,70,80,70,95,70
88,Grimer,Poison,Poison,Stench,Sticky hold,Poison touch,80,80,50,40,50,25
89,Muk,Poison,Poison,Stench,Sticky hold,Poison touch,105,105,75,65,100,50
90,Shellder,Water,Water,Shell armor,Skill link,Overcoat,30,65,100,45,25,40
91,Cloyster,Water,Ice,Shell armor,Skill link,Overcoat,50,95,180,85,45,70
92,Gastly,Ghost,Poison,Levitate,Levitate,,30,35,30,100,35,80
93,Haunter,Ghost,Poison,Levitate,Levitate,,45,50,45,115,55,95
94,Gengar,Ghost,Poison,Cursed body,Cursed body,,60,65,60,130,75,110
95,Onix,Rock,Ground,Rock head,Sturdy,Weak armor,35,45,160,30,45,70
96,Drowzee,Psychic,Psychic,Insomnia,Forewarn,Inner focus,60,48,45,43,90,42
97,Hypno,Psychic,Psychic,Insomnia,Forewarn,Inner focus,85,73,70,73,115,67
98,Krabby,Water,Water,Hyper cutter,Shell armor,Sheer force,30,105,90,25,25,50
99,Kingler,Water,Water,Hyper cutter,Shell armor,Sheer force,55,130,115,50,50,75
100,Voltorb,Electric,Electric,Soundproof,Static,Aftermath,40,30,50,55,55,100
101,Electrode,Electric,Electric,Soundproof,Static,Aftermath,60,50,70,80,80,150
102,Exeggcute,Grass,Psychic,Chlorophyll,Chlorophyll,Harvest,60,40,80,60,45,40
103,Exeggutor,Grass,Psychic,Chlorophyll,Chlorophyll,Harvest,95,95,85,125,75,55
104,Cubone,Ground,Ground,Rock head,Lightning rod,Battle armor,50,50,95,40,50,35
105,Marowak,Ground,Ground,Rock head,Lightning rod,Battle armor,60,80,110,50,80,45
106,Hitmonlee,Fighting,Fighting,Limber,Reckless,Unburden,50,120,53,35,110,87
107,Hitmonchan,Fighting,Fighting,Keen eye,Iron fist,Inner focus,50,105,79,35,110,76
108,Lickitung,Normal,Normal,Own tempo,Oblivious,Cloud nine,90,55,75,60,75,30
109,Koffing,Poison,Poison,Levitate,Levitate,,40,65,95,60,45,35
110,Weezing,Poison,Poison,Levitate,Levitate,,65,90,120,85,70,60
111,Rhyhorn,Ground,Rock,Lightning rod,Rock head,Reckless,80,85,95,30,30,25
112,Rhydon,Ground,Rock,Lightning rod,Rock head,Reckless,105,130,120,45,45,40
113,Chansey,Normal,Normal,Natural cure,Serene grace,Healer,250,5,5,35,105,50
114,Tangela,Grass,Grass,Chlorophyll,Leaf guard,Regenerator,65,55,115,100,40,60
115,Kangaskhan,Normal,Normal,Early bird,Scrappy,Inner focus,105,95,80,40,80,90
116,Horsea,Water,Water,Swift swim,Sniper,Damp,30,40,70,70,25,60
117,Seadra,Water,Water,Poison point,Sniper,Damp,55,65,95,95,45,85
118,Goldeen,Water,Water,Swift swim,Water veil,Lightning rod,45,67,60,35,50,63
119,Seaking,Water,Water,Swift swim,Water veil,Lightning rod,80,92,65,65,80,68
120,Staryu,Water,Water,Illuminate,Natural cure,Analytic,30,45,55,70,55,85
121,Starmie,Water,Psychic,Illuminate,Natural cure,Analytic,60,75,85,100,85,115
122,Mr mime,Psychic,Fairy,Soundproof,Filter,Technician,40,45,65,100,120,90
123,Scyther,Bug,Flying,Swarm,Technician,Steadfast,70,110,80,55,80,105
124,Jynx,Ice,Psychic,Oblivious,Forewarn,Dry skin,65,50,35,115,95,95
125,Electabuzz,Electric,Electric,Static,Static,Vital spirit,65,83,57,95,85,105
126,Magmar,Fire,Fire,Flame body,Flame body,Vital spirit,65,95,57,100,85,93
127,Pinsir,Bug,Bug,Hyper cutter,Mold breaker,Moxie,65,125,100,55,70,85
128,Tauros,Normal,Normal,Intimidate,Anger point,Sheer force,75,100,95,40,70,110
129,Magikarp,Water,Water,Swift swim,Swift swim,Rattled,20,10,55,15,20,80
130,Gyarados,Water,Flying,Intimidate,Intimidate,Moxie,95,125,79,60,100,81
131,Lapras,Water,Ice,Water absorb,Shell armor,Hydration,130,85,80,85,95,60
132,Ditto,Normal,Normal,Limber,Limber,Imposter,48,48,48,48,48,48
133,Eevee,Normal,Normal,Run away,Adaptability,Anticipation,55,55,50,45,65,55
134,Vaporeon,Water,Water,Water absorb,Water absorb,Hydration,130,65,60,110,95,65
135,Jolteon,Electric,Electric,Volt absorb,Volt absorb,Quick feet,65,65,60,110,95,130
136,Flareon,Fire,Fire,Flash fire,Flash fire,Guts,65,130,60,95,110,65
137,Porygon,Normal,Normal,Trace,Download,Analytic,65,60,70,85,75,40
138,Omanyte,Rock,Water,Swift swim,Shell armor,Weak armor,35,40,100,90,55,35
139,Omastar,Rock,Water,Swift swim,Shell armor,Weak armor,70,60,125,115,70,55
140,Kabuto,Rock,Water,Swift swim,Battle armor,Weak armor,30,80,90,55,45,55
141,Kabutops,Rock,Water,Swift swim,Battle armor,Weak armor,60,115,105,65,70,80
142,Aerodactyl,Rock,Flying,Rock head,Pressure,Unnerve,80,105,65,60,75,130
143,Snorlax,Normal,Normal,Immunity,Thick fat,Gluttony,160,110,65,65,110,30
144,Articuno,Ice,Flying,Pressure,Pressure,Snow cloak,90,85,100,95,125,85
145,Zapdos,Electric,Flying,Pressure,Pressure,Static,90,90,85,125,90,100
146,Moltres,Fire,Flying,Pressure,Pressure,Flame body,90,100,90,125,85,90
147,Dratini,Dragon,Dragon,Shed skin,Shed skin,Marvel scale,41,64,45,50,50,50
148,Dragonair,Dragon,Dragon,Shed skin,Shed skin,Marvel scale,61,84,65,70,70,70
149,Dragonite,Dragon,Flying,Inner focus,Inner focus,Multiscale,91,134,95,100,100,80
150,Mewtwo,Psychic,Psychic,Pressure,Pressure,Unnerve,106,110,90,154,90,130
151,Mew,Psychic,Psychic,Synchronize,Synchronize,,100,100,100,100,100,100
152,Chikorita,Grass,Grass,Overgrow,Overgrow,Leaf guard,45,49,65,49,65,45
153,Bayleef,Grass,Grass,Overgrow,Overgrow,Leaf guard,60,62,80,63,80,60
154,Meganium,Grass,Grass,Overgrow,Overgrow,Leaf guard,80,82,100,83,100,80
155,Cyndaquil,Fire,Fire,Blaze,Blaze,Flash fire,39,52,43,60,50,65
156,Quilava,Fire,Fire,Blaze,Blaze,Flash fire,58,64,58,80,65,80
157,Typhlosion,Fire,Fire,Blaze,Blaze,Flash fire,78,84,78,109,85,100
158,Totodile,Water,Water,Torrent,Torrent,Sheer force,50,65,64,44,48,43
159,Croconaw,Water,Water,Torrent,Torrent,Sheer force,65,80,80,59,63,58
160,Feraligatr,Water,Water,Torrent,Torrent,Sheer force,85,105,100,79,83,78
161,Sentret,Normal,Normal,Run away,Keen eye,Frisk,35,46,34,35,45,20
162,Furret,Normal,Normal,Run away,Keen eye,Frisk,85,76,64,45,55,90
163,Hoothoot,Normal,Flying,Insomnia,Keen eye,Tinted lens,60,30,30,36,56,50
164,Noctowl,Normal,Flying,Insomnia,Keen eye,Tinted lens,100,50,50,86,96,70
165,Ledyba,Bug,Flying,Swarm,Early bird,Rattled,40,20,30,40,80,55
166,Ledian,Bug,Flying,Swarm,Early bird,Iron fist,55,35,50,55,110,85
167,Spinarak,Bug,Poison,Swarm,Insomnia,Sniper,40,60,40,40,40,30
168,Ariados,Bug,Poison,Swarm,Insomnia,Sniper,70,90,70,60,70,40
169,Crobat,Poison,Flying,Inner focus,Inner focus,Infiltrator,85,90,80,70,80,130
170,Chinchou,Water,Electric,Volt absorb,Illuminate,Water absorb,75,38,38,56,56,67
171,Lanturn,Water,Electric,Volt absorb,Illuminate,Water absorb,125,58,58,76,76,67
172,Pichu,Electric,Electric,Static,Static,Lightning rod,20,40,15,35,35,60
173,Cleffa,Fairy,Fairy,Cute charm,Magic guard,Friend guard,50,25,28,45,55,15
174,Igglybuff,Normal,Fairy,Cute charm,Competitive,Friend guard,90,30,15,40,20,15
175,Togepi,Fairy,Fairy,Hustle,Serene grace,Super luck,35,20,65,40,65,20
176,Togetic,Fairy,Flying,Hustle,Serene grace,Super luck,55,40,85,80,105,40
177,Natu,Psychic,Flying,Synchronize,Early bird,Magic bounce,40,50,45,70,45,70
178,Xatu,Psychic,Flying,Synchronize,Early bird,Magic bounce,65,75,70,95,70,95
179,Mareep,Electric,Electric,Static,Static,Plus,55,40,40,65,45,35
180,Flaaffy,Electric,Electric,Static,Static,Plus,70,55,55,80,60,45
181,Ampharos,Electric,Electric,Static,Static,Plus,90,75,85,115,90,55
182,Bellossom,Grass,Grass,Chlorophyll,Chlorophyll,Healer,75,80,95,90,100,50
183,Marill,Water,Fairy,Thick fat,Huge power,Sap sipper,70,20,50,20,50,40
184,Azumarill,Water,Fairy,Thick fat,Huge power,Sap sipper,100,50,80,60,80,50
185,Sudowoodo,Rock,Rock,Sturdy,Rock head,Rattled,70,100,115,30,65,30
186,Politoed,Water,Water,Water absorb,Damp,Drizzle,90,75,75,90,100,70
187,Hoppip,Grass,Flying,Chlorophyll,Leaf guard,Infiltrator,35,35,40,35,55,50
188,Skiploom,Grass,Flying,Chlorophyll,Leaf guard,Infiltrator,55,45,50,45,65,80
189,Jumpluff,Grass,Flying,Chlorophyll,Leaf guard,Infiltrator,75,55,70,55,95,110
190,Aipom,Normal,Normal,Run away,Pickup,Skill link,55,70,55,40,55,85
191,Sunkern,Grass,Grass,Chlorophyll,Solar power,Early bird,30,30,30,30,30,30
192,Sunflora,Grass,Grass,Chlorophyll,Solar power,Early bird,75,75,55,105,85,30
193,Yanma,Bug,Flying,Speed boost,Compound eyes,Frisk,65,65,45,75,45,95
194,Wooper,Water,Ground,Damp,Water absorb,Unaware,55,45,45,25,25,15
195,Quagsire,Water,Ground,Damp,Water absorb,Unaware,95,85,85,65,65,35
196,Espeon,Psychic,Psychic,Synchronize,Synchronize,Magic bounce,65,65,60,130,95,110
197,Umbreon,Dark,Dark,Synchronize,Synchronize,Inner focus,95,65,110,60,130,65
198,Murkrow,Dark,Flying,Insomnia,Super luck,Prankster,60,85,42,85,42,91
199,Slowking,Water,Psychic,Oblivious,Own tempo,Regenerator,95,75,80,100,110,30
200,Misdreavus,Ghost,Ghost,Levitate,Levitate,,60,60,60,85,85,85
201,Unown,Psychic,Psychic,Levitate,Levitate,,48,72,48,72,48,48
202,Wobbuffet,Psychic,Psychic,Shadow tag,Shadow tag,Telepathy,190,33,58,33,58,33
203,Girafarig,Normal,Psychic,Inner focus,Early bird,Sap sipper,70,80,65,90,65,85
204,Pineco,Bug,Bug,Sturdy,Sturdy,Overcoat,50,65,90,35,35,15
205,Forretress,Bug,Steel,Sturdy,Sturdy,Overcoat,75,90,140,60,60,40
206,Dunsparce,Normal,Normal,Serene grace,Run away,Rattled,100,70,70,65,65,45
207,Gligar,Ground,Flying,Hyper cutter,Sand veil,Immunity,65,75,105,35,65,85
208,Steelix,Steel,Ground,Rock head,Sturdy,Sheer force,75,85,200,55,65,30
209,Snubbull,Fairy,Fairy,Intimidate,Run away,Rattled,60,80,50,40,40,30
210,Granbull,Fairy,Fairy,Intimidate,Quick feet,Rattled,90,120,75,60,60,45
211,Qwilfish,Water,Poison,Poison point,Swift swim,Intimidate,65,95,85,55,55,85
212,Scizor,Bug,Steel,Swarm,Technician,Light metal,70,130,100,55,80,65
213,Shuckle,Bug,Rock,Sturdy,Gluttony,Contrary,20,10,230,10,230,5
214,Heracross,Bug,Fighting,Swarm,Guts,Moxie,80,125,75,40,95,85
215,Sneasel,Dark,Ice,Inner focus,Keen eye,Pickpocket,55,95,55,35,75,115
216,Teddiursa,Normal,Normal,Pickup,Quick feet,Honey gather,60,80,50,50,50,40
217,Ursaring,Normal,Normal,Guts,Quick feet,Unnerve,90,130,75,75,75,55
218,Slugma,Fire,Fire,Magma armor,Flame body,Weak armor,40,40,40,70,40,20
219,Magcargo,Fire,Rock,Magma armor,Flame body,Weak armor,60,50,120,90,80,30
220,Swinub,Ice,Ground,Oblivious,Snow cloak,Thick fat,50,50,40,30,30,50
221,Piloswine,Ice,Ground,Oblivious,Snow cloak,Thick fat,100,100,80,60,60,50
222,Corsola,Water,Rock,Hustle,Natural cure,Regenerator,65,55,95,65,95,35
223,Remoraid,Water,Water,Hustle,Sniper,Moody,35,65,35,65,35,65
224,Octillery,Water,Water,Suction cups,Sniper,Moody,75,105,75,105,75,45
225,Delibird,Ice,Flying,Vital spirit,Hustle,Insomnia,45,55,45,65,45,75
226,Mantine,Water,Flying,Swift swim,Water absorb,Water veil,85,40,70,80,140,70
227,Skarmory,Steel,Flying,Keen eye,Sturdy,Weak armor,65,80,140,40,70,70
228,Houndour,Dark,Fire,Early bird,Flash fire,Unnerve,45,60,30,80,50,65
229,Houndoom,Dark,Fire,Early bird,Flash fire,Unnerve,75,90,50,110,80,95
230,Kingdra,Water,Dragon,Swift swim,Sniper,Damp,75,95,95,95,95,85
231,Phanpy,Ground,Ground,Pickup,Pickup,Sand veil,90,60,60,40,40,40
232,Donphan,Ground,Ground,Sturdy,Sturdy,Sand veil,90,120,120,60,60,50
233,Porygon2,Normal,Normal,Trace,Download,Analytic,85,80,90,105,95,60
234,Stantler,Normal,Normal,Intimidate,Frisk,Sap sipper,73,95,62,85,65,85
235,Smeargle,Normal,Normal,Own tempo,Technician,Moody,55,20,35,20,45,75
236,Tyrogue,Fighting,Fighting,Guts,Steadfast,Vital spirit,35,35,35,35,35,35
237,Hitmontop,Fighting,Fighting,Intimidate,Technician,Steadfast,50,95,95,35,110,70
238,Smoochum,Ice,Psychic,Oblivious,Forewarn,Hydration,45,30,15,85,65,65
239,Elekid,Electric,Electric,Static,Static,Vital spirit,45,63,37,65,55,95
240,Magby,Fire,Fire,Flame body,Flame body,Vital spirit,45,75,37,70,55,83
241,Miltank,Normal,Normal,Thick fat,Scrappy,Sap sipper,95,80,105,40,70,100
242,Blissey,Normal,Normal,Natural cure,Serene grace,Healer,255,10,10,75,135,55
243,Raikou,Electric,Electric,Pressure,Pressure,Inner focus,90,85,75,115,100,115
244,Entei,Fire,Fire,Pressure,Pressure,Inner focus,115,115,85,90,75,100
245,Suicune,Water,Water,Pressure,Pressure,Inner focus,100,75,115,90,115,85
246,Larvitar,Rock,Ground,Guts,Guts,Sand veil,50,64,50,45,50,41
247,Pupitar,Rock,Ground,Shed skin,Shed skin,,70,84,70,65,70,51
248,Tyranitar,Rock,Dark,Sand stream,Sand stream,Unnerve,100,134,110,95,100,61
249,Lugia,Psychic,Flying,Pressure,Pressure,Multiscale,106,90,130,90,154,110
250,Ho oh,Fire,Flying,Pressure,Pressure,Regenerator,106,130,90,110,154,90
251,Celebi,Psychic,Grass,Natural cure,Natural cure,,100,100,100,100,100,100
252,Treecko,Grass,Grass,Overgrow,Overgrow,Unburden,40,45,35,65,55,70
253,Grovyle,Grass,Grass,Overgrow,Overgrow,Unburden,50,65,45,85,65,95
254,Sceptile,Grass,Grass,Overgrow,Overgrow,Unburden,70,85,65,105,85,120
255,Torchic,Fire,Fire,Blaze,Blaze,Speed boost,45,60,40,70,50,45
256,Combusken,Fire,Fighting,Blaze,Blaze,Speed boost,60,85,60,85,60,55
257,Blaziken,Fire,Fighting,Blaze,Blaze,Speed boost,80,120,70,110,70,80
258,Mudkip,Water,Water,Torrent,Torrent,Damp,50,70,50,50,50,40
259,Marshtomp,Water,Ground,Torrent,Torrent,Damp,70,85,70,60,70,50
260,Swampert,Water,Ground,Torrent,Torrent,Damp,100,110,90,85,90,60
261,Poochyena,Dark,Dark,Run away,Quick feet,Rattled,35,55,35,30,30,35
262,Mightyena,Dark,Dark,Intimidate,Quick feet,Moxie,70,90,70,60,60,70
263,Zigzagoon,Normal,Normal,Pickup,Gluttony,Quick feet,38,30,41,30,41,60
264,Linoone,Normal,Normal,Pickup,Gluttony,Quick feet,78,70,61,50,61,100
265,Wurmple,Bug,Bug,Shield dust,Shield dust,Run away,45,45,35,20,30,20
266,Silcoon,Bug,Bug,Shed skin,Shed skin,,50,35,55,25,25,15
267,Beautifly,Bug,Flying,Swarm,Swarm,Rivalry,60,70,50,100,50,65
268,Cascoon,Bug,Bug,Shed skin,Shed skin,,50,35,55,25,25,15
269,Dustox,Bug,Poison,Shield dust,Shield dust,Compound eyes,60,50,70,50,90,65
270,Lotad,Water,Grass,Swift swim,Rain dish,Own tempo,40,30,30,40,50,30
271,Lombre,Water,Grass,Swift swim,Rain dish,Own tempo,60,50,50,60,70,50
272,Ludicolo,Water,Grass,Swift swim,Rain dish,Own tempo,80,70,70,90,100,70
273,Seedot,Grass,Grass,Chlorophyll,Early bird,Pickpocket,40,40,50,30,30,30
274,Nuzleaf,Grass,Dark,Chlorophyll,Early bird,Pickpocket,70,70,40,60,40,60
275,Shiftry,Grass,Dark,Chlorophyll,Early bird,Pickpocket,90,100,60,90,60,80
276,Taillow,Normal,Flying,Guts,Guts,Scrappy,40,55,30,30,30,85
277,Swellow,Normal,Flying,Guts,Guts,Scrappy,60,85,60,75,50,125
278,Wingull,Water,Flying,Keen eye,Hydration,Rain dish,40,30,30,55,30,85
279,Pelipper,Water,Flying,Keen eye,Drizzle,Rain dish,60,50,100,95,70,65
280,Ralts,Psychic,Fairy,Synchronize,Trace,Telepathy,28,25,25,45,35,40
281,Kirlia,Psychic,Fairy,Synchronize,Trace,Telepathy,38,35,35,65,55,50
282,Gardevoir,Psychic,Fairy,Synchronize,Trace,Telepathy,68,65,65,125,115,80
283,Surskit,Bug,Water,Swift swim,Swift swim,Rain dish,40,30,32,50,52,65
284,Masquerain,Bug,Flying,Intimidate,Intimidate,Unnerve,70,60,62,100,82,80
285,Shroomish,Grass,Grass,Effect spore,Poison heal,Quick feet,60,40,60,40,60,35
286,Breloom,Grass,Fighting,Effect spore,Poison heal,Technician,60,130,80,60,60,70
287,Slakoth,Normal,Normal,Truant,Truant,,60,60,60,35,35,30
288,Vigoroth,Normal,Normal,Vital spirit,Vital spirit,,80,80,80,55,55,90
289,Slaking,Normal,Normal,Truant,Truant,,150,160,100,95,65,100
290,Nincada,Bug,Ground,Compound eyes,Compound eyes,Run away,31,45,90,30,30,40
291,Ninjask,Bug,Flying,Speed boost,Speed boost,Infiltrator,61,90,45,50,50,160
292,Shedinja,Bug,Ghost,Wonder guard,Wonder guard,,1,90,45,30,30,40
293,Whismur,Normal,Normal,Soundproof,Soundproof,Rattled,64,51,23,51,23,28
294,Loudred,Normal,Normal,Soundproof,Soundproof,Scrappy,84,71,43,71,43,48
295,Exploud,Normal,Normal,Soundproof,Soundproof,Scrappy,104,91,63,91,73,68
296,Makuhita,Fighting,Fighting,Thick fat,Guts,Sheer force,72,60,30,20,30,25
297,Hariyama,Fighting,Fighting,Thick fat,Guts,Sheer force,144,120,60,40,60,50
298,Azurill,Normal,Fairy,Thick fat,Huge power,Sap sipper,50,20,40,20,40,20
299,Nosepass,Rock,Rock,Sturdy,Magnet pull,Sand force,30,45,135,45,90,30
300,Skitty,Normal,Normal,Cute charm,Normalize,Wonder skin,50,45,45,35,35,50
301,Delcatty,Normal,Normal,Cute charm,Normalize,Wonder skin,70,65,65,55,55,90
302,Sableye,Dark,Ghost,Keen eye,Stall,Prankster,50,75,75,65,65,50
303,Mawile,Steel,Fairy,Hyper cutter,Intimidate,Sheer force,50,85,85,55,55,50
304,Aron,Steel,Rock,Sturdy,Rock head,Heavy metal,50,70,100,40,40,30
305,Lairon,Steel,Rock,Sturdy,Rock head,Heavy metal,60,90,140,50,50,40
306,Aggron,Steel,Rock,Sturdy,Rock head,Heavy metal,70,110,180,60,60,50
307,Meditite,Fighting,Psychic,Pure power,Pure power,Telepathy,30,40,55,40,55,60
308,Medicham,Fighting,Psychic,Pure power,Pure power,Telepathy,60,60,75,60,75,80
309,Electrike,Electric,Electric,Static,Lightning rod,Minus,40,45,40,65,40,65
310,Manectric,Electric,Electric,Static,Lightning rod,Minus,70,75,60,105,60,105
311,Plusle,Electric,Electric,Plus,Plus,Lightning rod,60,50,40,85,75,95
312,Minun,Electric,Electric,Minus,Minus,Volt absorb,60,40,50,75,85,95
313,Volbeat,Bug,Bug,Illuminate,Swarm,Prankster,65,73,75,47,85,85
314,Illumise,Bug,Bug,Oblivious,Tinted lens,Prankster,65,47,75,73,85,85
315,Roselia,Grass,Poison,Natural cure,Poison point,Leaf guard,50,60,45,100,80,65
316,Gulpin,Poison,Poison,Liquid ooze,Sticky hold,Gluttony,70,43,53,43,53,40
317,Swalot,Poison,Poison,Liquid ooze,Sticky hold,Gluttony,100,73,83,73,83,55
318,Carvanha,Water,Dark,Rough skin,Rough skin,Speed boost,45,90,20,65,20,65
319,Sharpedo,Water,Dark,Rough skin,Rough skin,Speed boost,70,120,40,95,40,95
320,Wailmer,Water,Water,Water veil,Oblivious,Pressure,130,70,35,70,35,60
321,Wailord,Water,Water,Water veil,Oblivious,Pressure,170,90,45,90,45,60
322,Numel,Fire,Ground,Oblivious,Simple,Own tempo,60,60,40,65,45,35
323,Camerupt,Fire,Ground,Magma armor,Solid rock,Anger point,70,100,70,105,75,40
324,Torkoal,Fire,Fire,White smoke,Drought,Shell armor,70,85,140,85,70,20
325,Spoink,Psychic,Psychic,Thick fat,Own tempo,Gluttony,60,25,35,70,80,60
326,Grumpig,Psychic,Psychic,Thick fat,Own tempo,Gluttony,80,45,65,90,110,80
327,Spinda,Normal,Normal,Own tempo,Tangled feet,Contrary,60,60,60,60,60,60
328,Trapinch,Ground,Ground,Hyper cutter,Arena trap,Sheer force,45,100,45,45,45,10
329,Vibrava,Ground,Dragon,Levitate,Levitate,,50,70,50,50,50,70
330,Flygon,Ground,Dragon,Levitate,Levitate,,80,100,80,80,80,100
331,Cacnea,Grass,Grass,Sand veil,Sand veil,Water absorb,50,85,40,85,40,35
332,Cacturne,Grass,Dark,Sand veil,Sand veil,Water absorb,70,115,60,115,60,55
333,Swablu,Normal,Flying,Natural cure,Natural cure,Cloud nine,45,40,60,40,75,50
334,Altaria,Dragon,Flying,Natural cure,Natural cure,Cloud nine,75,70,90,70,105,80
335,Zangoose,Normal,Normal,Immunity,Immunity,Toxic boost,73,115,60,60,60,90
336,Seviper,Poison,Poison,Shed skin,Shed skin,Infiltrator,73,100,60,100,60,65
337,Lunatone,Rock,Psychic,Levitate,Levitate,,90,55,65,95,85,70
338,Solrock,Rock,Psychic,Levitate,Levitate,,90,95,85,55,65,70
339,Barboach,Water,Ground,Oblivious,Anticipation,Hydration,50,48,43,46,41,60
340,Whiscash,Water,Ground,Oblivious,Anticipation,Hydration,110,78,73,76,71,60
341,Corphish,Water,Water,Hyper cutter,Shell armor,Adaptability,43,80,65,50,35,35
342,Crawdaunt,Water,Dark,Hyper cutter,Shell armor,Adaptability,63,120,85,90,55,55
343,Baltoy,Ground,Psychic,Levitate,Levitate,,40,40,55,40,70,55
344,Claydol,Ground,Psychic,Levitate,Levitate,,60,70,105,70,120,75
345,Lileep,Rock,Grass,Suction cups,Suction cups,Storm drain,66,41,77,61,87,23
346,Cradily,Rock,Grass,Suction cups,Suction cups,Storm drain,86,81,97,81,107,43
347,Anorith,Rock,Bug,Battle armor,Battle armor,Swift swim,45,95,50,40,50,75
348,Armaldo,Rock,Bug,Battle armor,Battle armor,Swift swim,75,125,100,70,80,45
349,Feebas,Water,Water,Swift swim,Oblivious,Adaptability,20,15,20,10,55,80
350,Milotic,Water,Water,Marvel scale,Competitive,Cute charm,95,60,79,100,125,81
351,Castform,Normal,Normal,Forecast,Forecast,,70,70,70,70,70,70
352,Kecleon,Normal,Normal,Color change,Color change,Protean,60,90,70,60,120,40
353,Shuppet,Ghost,Ghost,Insomnia,Frisk,Cursed body,44,75,35,63,33,45
354,Banette,Ghost,Ghost,Insomnia,Frisk,Cursed body,64,115,65,83,63,65
355,Duskull,Ghost,Ghost,Levitate,Levitate,Frisk,20,40,90,30,90,25
356,Dusclops,Ghost,Ghost,Pressure,Pressure,Frisk,40,70,130,60,130,25
357,Tropius,Grass,Flying,Chlorophyll,Solar power,Harvest,99,68,83,72,87,51
358,Chimecho,Psychic,Psychic,Levitate,Levitate,,75,50,80,95,90,65
359,Absol,Dark,Dark,Pressure,Super luck,Justified,65,130,60,75,60,75
360,Wynaut,Psychic,Psychic,Shadow tag,Shadow tag,Telepathy,95,23,48,23,48,23
361,Snorunt,Ice,Ice,Inner focus,Ice body,Moody,50,50,50,50,50,50
362,Glalie,Ice,Ice,Inner focus,Ice body,Moody,80,80,80,80,80,80
363,Spheal,Ice,Water,Thick fat,Ice body,Oblivious,70,40,50,55,50,25
364,Sealeo,Ice,Water,Thick fat,Ice body,Oblivious,90,60,70,75,70,45
365,Walrein,Ice,Water,Thick fat,Ice body,Oblivious,110,80,90,95,90,65
366,Clamperl,Water,Water,Shell armor,Shell armor,Rattled,35,64,85,74,55,32
367,Huntail,Water,Water,Swift swim,Swift swim,Water veil,55,104,105,94,75,52
368,Gorebyss,Water,Water,Swift swim,Swift swim,Hydration,55,84,105,114,75,52
369,Relicanth,Water,Rock,Swift swim,Rock head,Sturdy,100,90,130,45,65,55
370,Luvdisc,Water,Water,Swift swim,Swift swim,Hydration,43,30,55,40,65,97
371,Bagon,Dragon,Dragon,Rock head,Rock head,Sheer force,45,75,60,40,30,50
372,Shelgon,Dragon,Dragon,Rock head,Rock head,Overcoat,65,95,100,60,50,50
373,Salamence,Dragon,Flying,Intimidate,Intimidate,Moxie,95,135,80,110,80,100
374,Beldum,Steel,Psychic,Clear body,Clear body,Light metal,40,55,80,35,60,30
375,Metang,Steel,Psychic,Clear body,Clear body,Light metal,60,75,100,55,80,50
376,Metagross,Steel,Psychic,Clear body,Clear body,Light metal,80,135,130,95,90,70
377,Regirock,Rock,Rock,Clear body,Clear body,Sturdy,80,100,200,50,100,50
378,Regice,Ice,Ice,Clear body,Clear body,Ice body,80,50,100,100,200,50
379,Registeel,Steel,Steel,Clear body,Clear body,Light metal,80,75,150,75,150,50
380,Latias,Dragon,Psychic,Levitate,Levitate,,80,80,90,110,130,110
381,Latios,Dragon,Psychic,Levitate,Levitate,,80,90,80,130,110,110
382,Kyogre,Water,Water,Drizzle,Drizzle,,100,100,90,150,140,90
383,Groudon,Ground,Ground,Drought,Drought,,100,150,140,100,90,90
384,Rayquaza,Dragon,Flying,Air lock,Air lock,,105,150,90,150,90,95
385,Jirachi,Steel,Psychic,Serene grace,Serene grace,,100,100,100,100,100,100
386,Deoxys,Psychic,Psychic,Pressure,Pressure,,50,150,50,150,50,150
387,Turtwig,Grass,Grass,Overgrow,Overgrow,Shell armor,55,68,64,45,55,31
388,Grotle,Grass,Grass,Overgrow,Overgrow,Shell armor,75,89,85,55,65,36
389,Torterra,Grass,Ground,Overgrow,Overgrow,Shell armor,95,109,105,75,85,56
390,Chimchar,Fire,Fire,Blaze,Blaze,Iron fist,44,58,44,58,44,61
391,Monferno,Fire,Fighting,Blaze,Blaze,Iron fist,64,78,52,78,52,81
392,Infernape,Fire,Fighting,Blaze,Blaze,Iron fist,76,104,71,104,71,108
393,Piplup,Water,Water,Torrent,Torrent,Defiant,53,51,53,61,56,40
394,Prinplup,Water,Water,Torrent,Torrent,Defiant,64,66,68,81,76,50
395,Empoleon,Water,Steel,Torrent,Torrent,Defiant,84,86,88,111,101,60
396,Starly,Normal,Flying,Keen eye,Keen eye,Reckless,40,55,30,30,30,60
397,Staravia,Normal,Flying,Intimidate,Intimidate,Reckless,55,75,50,40,40,80
398,Staraptor,Normal,Flying,Intimidate,Intimidate,Reckless,85,120,70,50,60,100
399,Bidoof,Normal,Normal,Simple,Unaware,Moody,59,45,40,35,40,31
400,Bibarel,Normal,Water,Simple,Unaware,Moody,79,85,60,55,60,71
401,Kricketot,Bug,Bug,Shed skin,Shed skin,Run away,37,25,41,25,41,25
402,Kricketune,Bug,Bug,Swarm,Swarm,Technician,77,85,51,55,51,65
403,Shinx,Electric,Electric,Rivalry,Intimidate,Guts,45,65,34,40,34,45
404,Luxio,Electric,Electric,Rivalry,Intimidate,Guts,60,85,49,60,49,60
405,Luxray,Electric,Electric,Rivalry,Intimidate,Guts,80,120,79,95,79,70
406,Budew,Grass,Poison,Natural cure,Poison point,Leaf guard,40,30,35,50,70,55
407,Roserade,Grass,Poison,Natural cure,Poison point,Technician,60,70,65,125,105,90
408,Cranidos,Rock,Rock,Mold breaker,Mold breaker,Sheer force,67,125,40,30,30,58
409,Rampardos,Rock,Rock,Mold breaker,Mold breaker,Sheer force,97,165,60,65,50,58
410,Shieldon,Rock,Steel,Sturdy,Sturdy,Soundproof,30,42,118,42,88,30
411,Bastiodon,Rock,Steel,Sturdy,Sturdy,Soundproof,60,52,168,47,138,30
412,Burmy,Bug,Bug,Shed skin,Shed skin,Overcoat,40,29,45,29,45,36
413,Wormadam,Bug,Grass,Anticipation,Anticipation,Overcoat,60,59,85,79,105,36
414,Mothim,Bug,Flying,Swarm,Swarm,Tinted lens,70,94,50,94,50,66
415,Combee,Bug,Flying,Honey gather,Honey gather,Hustle,30,30,42,30,42,70
416,Vespiquen,Bug,Flying,Pressure,Pressure,Unnerve,70,80,102,80,102,40
417,Pachirisu,Electric,Electric,Run away,Pickup,Volt absorb,60,45,70,45,90,95
418,Buizel,Water,Water,Swift swim,Swift swim,Water veil,55,65,35,60,30,85
419,Floatzel,Water,Water,Swift swim,Swift swim,Water veil,85,105,55,85,50,115
420,Cherubi,Grass,Grass,Chlorophyll,Chlorophyll,,45,35,45,62,53,35
421,Cherrim,Grass,Grass,Flower gift,Flower gift,,70,60,70,87,78,85
422,Shellos,Water,Water,Sticky hold,Storm drain,Sand force,76,48,48,57,62,34
423,Gastrodon,Water,Ground,Sticky hold,Storm drain,Sand force,111,83,68,92,82,39
424,Ambipom,Normal,Normal,Technician,Pickup,Skill link,75,100,66,60,66,115
425,Drifloon,Ghost,Flying,Aftermath,Unburden,Flare boost,90,50,34,60,44,70
426,Drifblim,Ghost,Flying,Aftermath,Unburden,Flare boost,150,80,44,90,54,80
427,Buneary,Normal,Normal,Run away,Klutz,Limber,55,66,44,44,56,85
428,Lopunny,Normal,Normal,Cute charm,Klutz,Limber,65,76,84,54,96,105
429,Mismagius,Ghost,Ghost,Levitate,Levitate,,60,60,60,105,105,105
430,Honchkrow,Dark,Flying,Insomnia,Super luck,Moxie,100,125,52,105,52,71
431,Glameow,Normal,Normal,Limber,Own tempo,Keen eye,49,55,42,42,37,85
432,Purugly,Normal,Normal,Thick fat,Own tempo,Defiant,71,82,64,64,59,112
433,Chingling,Psychic,Psychic,Levitate,Levitate,,45,30,50,65,50,45
434,Stunky,Poison,Dark,Stench,Aftermath,Keen eye,63,63,47,41,41,74
435,Skuntank,Poison,Dark,Stench,Aftermath,Keen eye,103,93,67,71,61,84
436,Bronzor,Steel,Psychic,Levitate,Heatproof,Heavy metal,57,24,86,24,86,23
437,Bronzong,Steel,Psychic,Levitate,Heatproof,Heavy metal,67,89,116,79,116,33
438,Bonsly,Rock,Rock,Sturdy,Rock head,Rattled,50,80,95,10,45,10
439,Mime jr,Psychic,Fairy,Soundproof,Filter,Technician,20,25,45,70,90,60
440,Happiny,Normal,Normal,Natural cure,Serene grace,Friend guard,100,5,5,15,65,30
441,Chatot,Normal,Flying,Keen eye,Tangled feet,Big pecks,76,65,45,92,42,91
442,Spiritomb,Ghost,Dark,Pressure,Pressure,Infiltrator,50,92,108,92,108,35
443,Gible,Dragon,Ground,Sand veil,Sand veil,Rough skin,58,70,45,40,45,42
444,Gabite,Dragon,Ground,Sand veil,Sand veil,Rough skin,68,90,65,50,55,82
445,Garchomp,Dragon,Ground,Sand veil,Sand veil,Rough skin,108,130,95,80,85,102
446,Munchlax,Normal,Normal,Pickup,Thick fat,Gluttony,135,85,40,40,85,5
447,Riolu,Fighting,Fighting,Steadfast,Inner focus,Prankster,40,70,40,35,40,60
448,Lucario,Fighting,Steel,Steadfast,Inner focus,Justified,70,110,70,115,70,90
449,Hippopotas,Ground,Ground,Sand stream,Sand stream,Sand force,68,72,78,38,42,32
450,Hippowdon,Ground,Ground,Sand stream,Sand stream,Sand force,108,112,118,68,72,47
451,Skorupi,Poison,Bug,Battle armor,Sniper,Keen eye,40,50,90,30,55,65
452,Drapion,Poison,Dark,Battle armor,Sniper,Keen eye,70,90,110,60,75,95
453,Croagunk,Poison,Fighting,Anticipation,Dry skin,Poison touch,48,61,40,61,40,50
454,Toxicroak,Poison,Fighting,Anticipation,Dry skin,Poison touch,83,106,65,86,65,85
455,Carnivine,Grass,Grass,Levitate,Levitate,,74,100,72,90,72,46
456,Finneon,Water,Water,Swift swim,Storm drain,Water veil,49,49,56,49,61,66
457,Lumineon,Water,Water,Swift swim,Storm drain,Water veil,69,69,76,69,86,91
458,Mantyke,Water,Flying,Swift swim,Water absorb,Water veil,45,20,50,60,120,50
459,Snover,Grass,Ice,Snow warning,Snow warning,Soundproof,60,62,50,62,60,40
460,Abomasnow,Grass,Ice,Snow warning,Snow warning,Soundproof,90,92,75,92,85,60
461,Weavile,Dark,Ice,Pressure,Pressure,Pickpocket,70,120,65,45,85,125
462,Magnezone,Electric,Steel,Magnet pull,Sturdy,Analytic,70,70,115,130,90,60
463,Lickilicky,Normal,Normal,Own tempo,Oblivious,Cloud nine,110,85,95,80,95,50
464,Rhyperior,Ground,Rock,Lightning rod,Solid rock,Reckless,115,140,130,55,55,40
465,Tangrowth,Grass,Grass,Chlorophyll,Leaf guard,Regenerator,100,100,125,110,50,50
466,Electivire,Electric,Electric,Motor drive,Motor drive,Vital spirit,75,123,67,95,85,95
467,Magmortar,Fire,Fire,Flame body,Flame body,Vital spirit,75,95,67,125,95,83
468,Togekiss,Fairy,Flying,Hustle,Serene grace,Super luck,85,50,95,120,115,80
469,Yanmega,Bug,Flying,Speed boost,Tinted lens,Frisk,86,76,86,116,56,95
470,Leafeon,Grass,Grass,Leaf guard,Leaf guard,Chlorophyll,65,110,130,60,65,95
471,Glaceon,Ice,Ice,Snow cloak,Snow cloak,Ice body,65,60,110,130,95,65
472,Gliscor,Ground,Flying,Hyper cutter,Sand veil,Poison heal,75,95,125,45,75,95
473,Mamoswine,Ice,Ground,Oblivious,Snow cloak,Thick fat,110,130,80,70,60,80
474,Porygon z,Normal,Normal,Adaptability,Download,Analytic,85,80,70,135,75,90
475,Gallade,Psychic,Fighting,Steadfast,Steadfast,Justified,68,125,65,65,115,80
476,Probopass,Rock,Steel,Sturdy,Magnet pull,Sand force,60,55,145,75,150,40
477,Dusknoir,Ghost,Ghost,Pressure,Pressure,Frisk,45,100,135,65,135,45
478,Froslass,Ice,Ghost,Snow cloak,Snow cloak,Cursed body,70,80,70,80,70,110
479,Rotom,Electric,Ghost,Levitate,Levitate,,50,50,77,95,77,91
480,Uxie,Psychic,Psychic,Levitate,Levitate,,75,75,130,75,130,95
481,Mesprit,Psychic,Psychic,Levitate,Levitate,,80,105,105,105,105,80
482,Azelf,Psychic,Psychic,Levitate,Levitate,,75,125,70,125,70,115
483,Dialga,Steel,Dragon,Pressure,Pressure,Telepathy,100,120,120,150,100,90
484,Palkia,Water,Dragon,Pressure,Pressure,Telepathy,90,120,100,150,120,100
485,Heatran,Fire,Steel,Flash fire,Flash fire,Flame body,91,90,106,130,106,77
486,Regigigas,Normal,Normal,Slow start,Slow start,,110,160,110,80,110,100
487,Giratina,Ghost,Dragon,Pressure,Pressure,Telepathy,150,100,120,100,120,90
488,Cresselia,Psychic,Psychic,Levitate,Levitate,,120,70,120,75,130,85
489,Phione,Water,Water,Hydration,Hydration,,80,80,80,80,80,80
490,Manaphy,Water,Water,Hydration,Hydration,,100,100,100,100,100,100
491,Darkrai,Dark,Dark,Bad dreams,Bad dreams,,70,90,90,135,90,125
492,Shaymin,Grass,Grass,Natural cure,Natural cure,,100,100,100,100,100,100
493,Arceus,Normal,Normal,Multitype,Multitype,,120,120,120,120,120,120
494,Victini,Psychic,Fire,Victory star,Victory star,,100,100,100,100,100,100
495,Snivy,Grass,Grass,Overgrow,Overgrow,Contrary,45,45,55,45,55,63
496,Servine,Grass,Grass,Overgrow,Overgrow,Contrary,60,60,75,60,75,83
497,Serperior,Grass,Grass,Overgrow,Overgrow,Contrary,75,75,95,75,95,113
498,Tepig,Fire,Fire,Blaze,Blaze,Thick fat,65,63,45,45,45,45
499,Pignite,Fire,Fighting,Blaze,Blaze,Thick fat,90,93,55,70,55,55
500,Emboar,Fire,Fighting,Blaze,Blaze,Reckless,110,123,65,100,65,65
501,Oshawott,Water,Water,Torrent,Torrent,Shell armor,55,55,45,63,45,45
502,Dewott,Water,Water,Torrent,Torrent,Shell armor,75,75,60,83,60,60
503,Samurott,Water,Water,Torrent,Torrent,Shell armor,95,100,85,108,70,70
504,Patrat,Normal,Normal,Run away,Keen eye,Analytic,45,55,39,35,39,42
505,Watchog,Normal,Normal,Illuminate,Keen eye,Analytic,60,85,69,60,69,77
506,Lillipup,Normal,Normal,Vital spirit,Pickup,Run away,45,60,45,25,45,55
507,Herdier,Normal,Normal,Intimidate,Sand rush,Scrappy,65,80,65,35,65,60
508,Stoutland,Normal,Normal,Intimidate,Sand rush,Scrappy,85,110,90,45,90,80
509,Purrloin,Dark,Dark,Limber,Unburden,Prankster,41,50,37,50,37,66
510,Liepard,Dark,Dark,Limber,Unburden,Prankster,64,88,50,88,50,106
511,Pansage,Grass,Grass,Gluttony,Gluttony,Overgrow,50,53,48,53,48,64
512,Simisage,Grass,Grass,Gluttony,Gluttony,Overgrow,75,98,63,98,63,101
513,Pansear,Fire,Fire,Gluttony,Gluttony,Blaze,50,53,48,53,48,64
514,Simisear,Fire,Fire,Gluttony,Gluttony,Blaze,75,98,63,98,63,101
515,Panpour,Water,Water,Gluttony,Gluttony,Torrent,50,53,48,53,48,64
516,Simipour,Water,Water,Gluttony,Gluttony,Torrent,75,98,63,98,63,101
517,Munna,Psychic,Psychic,Forewarn,Synchronize,Telepathy,76,25,45,67,55,24
518,Musharna,Psychic,Psychic,Forewarn,Synchronize,Telepathy,116,55,85,107,95,29
519,Pidove,Normal,Flying,Big pecks,Super luck,Rivalry,50,55,50,36,30,43
520,Tranquill,Normal,Flying,Big pecks,Super luck,Rivalry,62,77,62,50,42,65
521,Unfezant,Normal,Flying,Big pecks,Super luck,Rivalry,80,115,80,65,55,93
522,Blitzle,Electric,Electric,Lightning rod,Motor drive,Sap sipper,45,60,32,50,32,76
523,Zebstrika,Electric,Electric,Lightning rod,Motor drive,Sap sipper,75,100,63,80,63,116
524,Roggenrola,Rock,Rock,Sturdy,Weak armor,Sand force,55,75,85,25,25,15
525,Boldore,Rock,Rock,Sturdy,Weak armor,Sand force,70,105,105,50,40,20
526,Gigalith,Rock,Rock,Sturdy,Sand stream,Sand force,85,135,130,60,80,25
527,Woobat,Psychic,Flying,Unaware,Klutz,Simple,65,45,43,55,43,72
528,Swoobat,Psychic,Flying,Unaware,Klutz,Simple,67,57,55,77,55,114
529,Drilbur,Ground,Ground,Sand rush,Sand force,Mold breaker,60,85,40,30,45,68
530,Excadrill,Ground,Steel,Sand rush,Sand force,Mold breaker,110,135,60,50,65,88
531,Audino,Normal,Normal,Healer,Regenerator,Klutz,103,60,86,60,86,50
532,Timburr,Fighting,Fighting,Guts,Sheer force,Iron fist,75,80,55,25,35,35
533,Gurdurr,Fighting,Fighting,Guts,Sheer force,Iron fist,85,105,85,40,50,40
534,Conkeldurr,Fighting,Fighting,Guts,Sheer force,Iron fist,105,140,95,55,65,45
535,Tympole,Water,Water,Swift swim,Hydration,Water absorb,50,50,40,50,40,64
536,Palpitoad,Water,Ground,Swift swim,Hydration,Water absorb,75,65,55,65,55,69
537,Seismitoad,Water,Ground,Swift swim,Poison touch,Water absorb,105,95,75,85,75,74
538,Throh,Fighting,Fighting,Guts,Inner focus,Mold breaker,120,100,85,30,85,45
539,Sawk,Fighting,Fighting,Sturdy,Inner focus,Mold breaker,75,125,75,30,75,85
540,Sewaddle,Bug,Grass,Swarm,Chlorophyll,Overcoat,45,53,70,40,60,42
541,Swadloon,Bug,Grass,Leaf guard,Chlorophyll,Overcoat,55,63,90,50,80,42
542,Leavanny,Bug,Grass,Swarm,Chlorophyll,Overcoat,75,103,80,70,80,92
543,Venipede,Bug,Poison,Poison point,Swarm,Speed boost,30,45,59,30,39,57
544,Whirlipede,Bug,Poison,Poison point,Swarm,Speed boost,40,55,99,40,79,47
545,Scolipede,Bug,Poison,Poison point,Swarm,Speed boost,60,100,89,55,69,112
546,Cottonee,Grass,Fairy,Prankster,Infiltrator,Chlorophyll,40,27,60,37,50,66
547,Whimsicott,Grass,Fairy,Prankster,Infiltrator,Chlorophyll,60,67,85,77,75,116
548,Petilil,Grass,Grass,Chlorophyll,Own tempo,Leaf guard,45,35,50,70,50,30
549,Lilligant,Grass,Grass,Chlorophyll,Own tempo,Leaf guard,70,60,75,110,75,90
550,Basculin,Water,Water,Reckless,Adaptability,Mold breaker,70,92,65,80,55,98
551,Sandile,Ground,Dark,Intimidate,Moxie,Anger point,50,72,35,35,35,65
552,Krokorok,Ground,Dark,Intimidate,Moxie,Anger point,60,82,45,45,45,74
553,Krookodile,Ground,Dark,Intimidate,Moxie,Anger point,95,117,80,65,70,92
554,Darumaka,Fire,Fire,Hustle,Hustle,Inner focus,70,90,45,15,45,50
555,Darmanitan,Fire,Fire,Sheer force,Sheer force,Zen mode,105,140,55,30,55,95
556,Maractus,Grass,Grass,Water absorb,Chlorophyll,Storm drain,75,86,67,106,67,60
557,Dwebble,Bug,Rock,Sturdy,Shell armor,Weak armor,50,65,85,35,35,55
558,Crustle,Bug,Rock,Sturdy,Shell armor,Weak armor,70,105,125,65,75,45
559,Scraggy,Dark,Fighting,Shed skin,Moxie,Intimidate,50,75,70,35,70,48
560,Scrafty,Dark,Fighting,Shed skin,Moxie,Intimidate,65,90,115,45,115,58
561,Sigilyph,Psychic,Flying,Wonder skin,Magic guard,Tinted lens,72,58,80,103,80,97
562,Yamask,Ghost,Ghost,Mummy,Mummy,,38,30,85,55,65,30
563,Cofagrigus,Ghost,Ghost,Mummy,Mummy,,58,50,145,95,105,30
564,Tirtouga,Water,Rock,Solid rock,Sturdy,Swift swim,54,78,103,53,45,22
565,Carracosta,Water,Rock,Solid rock,Sturdy,Swift swim,74,108,133,83,65,32
566,Archen,Rock,Flying,Defeatist,Defeatist,,55,112,45,74,45,70
567,Archeops,Rock,Flying,Defeatist,Defeatist,,75,140,65,112,65,110
568,Trubbish,Poison,Poison,Stench,Sticky hold,Aftermath,50,50,62,40,62,65
569,Garbodor,Poison,Poison,Stench,Weak armor,Aftermath,80,95,82,60,82,75
570,Zorua,Dark,Dark,Illusion,Illusion,,40,65,40,80,40,65
571,Zoroark,Dark,Dark,Illusion,Illusion,,60,105,60,120,60,105
572,Minccino,Normal,Normal,Cute charm,Technician,Skill link,55,50,40,40,40,75
573,Cinccino,Normal,Normal,Cute charm,Technician,Skill link,75,95,60,65,60,115
574,Gothita,Psychic,Psychic,Frisk,Competitive,Shadow tag,45,30,50,55,65,45
575,Gothorita,Psychic,Psychic,Frisk,Competitive,Shadow tag,60,45,70,75,85,55
576,Gothitelle,Psychic,Psychic,Frisk,Competitive,Shadow tag,70,55,95,95,110,65
577,Solosis,Psychic,Psychic,Overcoat,Magic guard,Regenerator,45,30,40,105,50,20
578,Duosion,Psychic,Psychic,Overcoat,Magic guard,Regenerator,65,40,50,125,60,30
579,Reuniclus,Psychic,Psychic,Overcoat,Magic guard,Regenerator,110,65,75,125,85,30
580,Ducklett,Water,Flying,Keen eye,Big pecks,Hydration,62,44,50,44,50,55
581,Swanna,Water,Flying,Keen eye,Big pecks,Hydration,75,87,63,87,63,98
582,Vanillite,Ice,Ice,Ice body,Snow cloak,Weak armor,36,50,50,65,60,44
583,Vanillish,Ice,Ice,Ice body,Snow cloak,Weak armor,51,65,65,80,75,59
584,Vanilluxe,Ice,Ice,Ice body,Snow warning,Weak armor,71,95,85,110,95,79
585,Deerling,Normal,Grass,Chlorophyll,Sap sipper,Serene grace,60,60,50,40,50,75
586,Sawsbuck,Normal,Grass,Chlorophyll,Sap sipper,Serene grace,80,100,70,60,70,95
587,Emolga,Electric,Flying,Static,Static,Motor drive,55,75,60,75,60,103
588,Karrablast,Bug,Bug,Swarm,Shed skin,No guard,50,75,45,40,45,60
589,Escavalier,Bug,Steel,Swarm,Shell armor,Overcoat,70,135,105,60,105,20
590,Foongus,Grass,Poison,Effect spore,Effect spore,Regenerator,69,55,45,55,55,15
591,Amoonguss,Grass,Poison,Effect spore,Effect spore,Regenerator,114,85,70,85,80,30
592,Frillish,Water,Ghost,Water absorb,Cursed body,Damp,55,40,50,65,85,40
593,Jellicent,Water,Ghost,Water absorb,Cursed body,Damp,100,60,70,85,105,60
594,Alomomola,Water,Water,Healer,Hydration,Regenerator,165,75,80,40,45,65
595,Joltik,Bug,Electric,Compound eyes,Unnerve,Swarm,50,47,50,57,50,65
596,Galvantula,Bug,Electric,Compound eyes,Unnerve,Swarm,70,77,60,97,60,108
597,Ferroseed,Grass,Steel,Iron barbs,Iron barbs,,44,50,91,24,86,10
598,Ferrothorn,Grass,Steel,Iron barbs,Iron barbs,Anticipation,74,94,131,54,116,20
599,Klink,Steel,Steel,Plus,Minus,Clear body,40,55,70,45,60,30
600,Klang,Steel,Steel,Plus,Minus,Clear body,60,80,95,70,85,50
601,Klinklang,Steel,Steel,Plus,Minus,Clear body,60,100,115,70,85,90
602,Tynamo,Electric,Electric,Levitate,Levitate,,35,55,40,45,40,60
603,Eelektrik,Electric,Electric,Levitate,Levitate,,65,85,70,75,70,40
604,Eelektross,Electric,Electric,Levitate,Levitate,,85,115,80,105,80,50
605,Elgyem,Psychic,Psychic,Telepathy,Synchronize,Analytic,55,55,55,85,55,30
606,Beheeyem,Psychic,Psychic,Telepathy,Synchronize,Analytic,75,75,75,125,95,40
607,Litwick,Ghost,Fire,Flash fire,Flame body,Infiltrator,50,30,55,65,55,20
608,Lampent,Ghost,Fire,Flash fire,Flame body,Infiltrator,60,40,60,95,60,55
609,Chandelure,Ghost,Fire,Flash fire,Flame body,Infiltrator,60,55,90,145,90,80
610,Axew,Dragon,Dragon,Rivalry,Mold breaker,Unnerve,46,87,60,30,40,57
611,Fraxure,Dragon,Dragon,Rivalry,Mold breaker,Unnerve,66,117,70,40,50,67
612,Haxorus,Dragon,Dragon,Rivalry,Mold breaker,Unnerve,76,147,90,60,70,97
613,Cubchoo,Ice,Ice,Snow cloak,Slush rush,Rattled,55,70,40,60,40,40
614,Beartic,Ice,Ice,Snow cloak,Slush rush,Swift swim,95,130,80,70,80,50
615,Cryogonal,Ice,Ice,Levitate,Levitate,,80,50,50,95,135,105
616,Shelmet,Bug,Bug,Hydration,Shell armor,Overcoat,50,40,85,40,65,25
617,Accelgor,Bug,Bug,Hydration,Sticky hold,Unburden,80,70,40,100,60,145
618,Stunfisk,Ground,Electric,Static,Limber,Sand veil,109,66,84,81,99,32
619,Mienfoo,Fighting,Fighting,Inner focus,Regenerator,Reckless,45,85,50,55,50,65
620,Mienshao,Fighting,Fighting,Inner focus,Regenerator,Reckless,65,125,60,95,60,105
621,Druddigon,Dragon,Dragon,Rough skin,Sheer force,Mold breaker,77,120,90,60,90,48
622,Golett,Ground,Ghost,Iron fist,Klutz,No guard,59,74,50,35,50,35
623,Golurk,Ground,Ghost,Iron fist,Klutz,No guard,89,124,80,55,80,55
624,Pawniard,Dark,Steel,Defiant,Inner focus,Pressure,45,85,70,40,40,60
625,Bisharp,Dark,Steel,Defiant,Inner focus,Pressure,65,125,100,60,70,70
626,Bouffalant,Normal,Normal,Reckless,Sap sipper,Soundproof,95,110,95,40,95,55
627,Rufflet,Normal,Flying,Keen eye,Sheer force,Hustle,70,83,50,37,50,60
628,Braviary,Normal,Flying,Keen eye,Sheer force,Defiant,100,123,75,57,75,80
629,Vullaby,Dark,Flying,Big pecks,Overcoat,Weak armor,70,55,75,45,65,60
630,Mandibuzz,Dark,Flying,Big pecks,Overcoat,Weak armor,110,65,105,55,95,80
631,Heatmor,Fire,Fire,Gluttony,Flash fire,White smoke,85,97,66,105,66,65
632,Durant,Bug,Steel,Swarm,Hustle,Truant,58,109,112,48,48,109
633,Deino,Dark,Dragon,Hustle,Hustle,,52,65,50,45,50,38
634,Zweilous,Dark,Dragon,Hustle,Hustle,,72,85,70,65,70,58
635,Hydreigon,Dark,Dragon,Levitate,Levitate,,92,105,90,125,90,98
636,Larvesta,Bug,Fire,Flame body,Flame body,Swarm,55,85,55,50,55,60
637,Volcarona,Bug,Fire,Flame body,Flame body,Swarm,85,60,65,135,105,100
638,Cobalion,Steel,Fighting,Justified,Justified,,91,90,129,90,72,108
639,Terrakion,Rock,Fighting,Justified,Justified,,91,129,90,72,90,108
640,Virizion,Grass,Fighting,Justified,Justified,,91,90,72,90,129,108
641,Tornadus,Flying,Flying,Prankster,Prankster,Defiant,79,115,70,125,80,111
642,Thundurus,Electric,Flying,Prankster,Prankster,Defiant,79,115,70,125,80,111
643,Reshiram,Dragon,Fire,Turboblaze,Turboblaze,,100,120,100,150,120,90
644,Zekrom,Dragon,Electric,Teravolt,Teravolt,,100,150,120,120,100,90
645,Landorus,Ground,Flying,Sand force,Sand force,Sheer force,89,125,90,115,80,101
646,Kyurem,Dragon,Ice,Pressure,Pressure,,125,130,90,130,90,95
647,Keldeo,Water,Fighting,Justified,Justified,,91,72,90,129,90,108
648,Meloetta,Normal,Psychic,Serene grace,Serene grace,,100,77,77,128,128,90
649,Genesect,Bug,Steel,Download,Download,,71,120,95,120,95,99
650,Chespin,Grass,Grass,Overgrow,Overgrow,Bulletproof,56,61,65,48,45,38
651,Quilladin,Grass,Grass,Overgrow,Overgrow,Bulletproof,61,78,95,56,58,57
652,Chesnaught,Grass,Fighting,Overgrow,Overgrow,Bulletproof,88,107,122,74,75,64
653,Fennekin,Fire,Fire,Blaze,Blaze,Magician,40,45,40,62,60,60
654,Braixen,Fire,Fire,Blaze,Blaze,Magician,59,59,58,90,70,73
655,Delphox,Fire,Psychic,Blaze,Blaze,Magician,75,69,72,114,100,104
656,Froakie,Water,Water,Torrent,Torrent,Protean,41,56,40,62,44,71
657,Frogadier,Water,Water,Torrent,Torrent,Protean,54,63,52,83,56,97
658,Greninja,Water,Dark,Torrent,Torrent,Protean,72,95,67,103,71,122
659,Bunnelby,Normal,Normal,Pickup,Cheek pouch,Huge power,38,36,38,32,36,57
660,Diggersby,Normal,Ground,Pickup,Cheek pouch,Huge power,85,56,77,50,77,78
661,Fletchling,Normal,Flying,Big pecks,Big pecks,Gale wings,45,50,43,40,38,62
662,Fletchinder,Fire,Flying,Flame body,Flame body,Gale wings,62,73,55,56,52,84
663,Talonflame,Fire,Flying,Flame body,Flame body,Gale wings,78,81,71,74,69,126
664,Scatterbug,Bug,Bug,Shield dust,Compound eyes,Friend guard,38,35,40,27,25,35
665,Spewpa,Bug,Bug,Shed skin,Shed skin,Friend guard,45,22,60,27,30,29
666,Vivillon,Bug,Flying,Shield dust,Compound eyes,Friend guard,80,52,50,90,50,89
667,Litleo,Fire,Normal,Rivalry,Unnerve,Moxie,62,50,58,73,54,72
668,Pyroar,Fire,Normal,Rivalry,Unnerve,Moxie,86,68,72,109,66,106
669,Flabebe,Fairy,Fairy,Flower veil,Flower veil,Symbiosis,44,38,39,61,79,42
670,Floette,Fairy,Fairy,Flower veil,Flower veil,Symbiosis,54,45,47,75,98,52
671,Florges,Fairy,Fairy,Flower veil,Flower veil,Symbiosis,78,65,68,112,154,75
672,Skiddo,Grass,Grass,Sap sipper,Sap sipper,Grass pelt,66,65,48,62,57,52
673,Gogoat,Grass,Grass,Sap sipper,Sap sipper,Grass pelt,123,100,62,97,81,68
674,Pancham,Fighting,Fighting,Iron fist,Mold breaker,Scrappy,67,82,62,46,48,43
675,Pangoro,Fighting,Dark,Iron fist,Mold breaker,Scrappy,95,124,78,69,71,58
676,Furfrou,Normal,Normal,Fur coat,Fur coat,,75,80,60,65,90,102
677,Espurr,Psychic,Psychic,Keen eye,Infiltrator,Own tempo,62,48,54,63,60,68
678,Meowstic,Psychic,Psychic,Keen eye,Infiltrator,Prankster,74,48,76,83,81,104
679,Honedge,Steel,Ghost,No guard,No guard,,45,80,100,35,37,28
680,Doublade,Steel,Ghost,No guard,No guard,,59,110,150,45,49,35
681,Aegislash,Steel,Ghost,Stance change,Stance change,,60,50,150,50,150,60
682,Spritzee,Fairy,Fairy,Healer,Healer,Aroma veil,78,52,60,63,65,23
683,Aromatisse,Fairy,Fairy,Healer,Healer,Aroma veil,101,72,72,99,89,29
684,Swirlix,Fairy,Fairy,Sweet veil,Sweet veil,Unburden,62,48,66,59,57,49
685,Slurpuff,Fairy,Fairy,Sweet veil,Sweet veil,Unburden,82,80,86,85,75,72
686,Inkay,Dark,Psychic,Contrary,Suction cups,Infiltrator,53,54,53,37,46,45
687,Malamar,Dark,Psychic,Contrary,Suction cups,Infiltrator,86,92,88,68,75,73
688,Binacle,Rock,Water,Tough claws,Sniper,Pickpocket,42,52,67,39,56,50
689,Barbaracle,Rock,Water,Tough claws,Sniper,Pickpocket,72,105,115,54,86,68
690,Skrelp,Poison,Water,Poison point,Poison touch,Adaptability,50,60,60,60,60,30
691,Dragalge,Poison,Dragon,Poison point,Poison touch,Adaptability,65,75,90,97,123,44
692,Clauncher,Water,Water,Mega launcher,Mega launcher,,50,53,62,58,63,44
693,Clawitzer,Water,Water,Mega launcher,Mega launcher,,71,73,88,120,89,59
694,Helioptile,Electric,Normal,Dry skin,Sand veil,Solar power,44,38,33,61,43,70
695,Heliolisk,Electric,Normal,Dry skin,Sand veil,Solar power,62,55,52,109,94,109
696,Tyrunt,Rock,Dragon,Strong jaw,Strong jaw,Sturdy,58,89,77,45,45,48
697,Tyrantrum,Rock,Dragon,Strong jaw,Strong jaw,Rock head,82,121,119,69,59,71
698,Amaura,Rock,Ice,Refrigerate,Refrigerate,Snow warning,77,59,50,67,63,46
699,Aurorus,Rock,Ice,Refrigerate,Refrigerate,Snow warning,123,77,72,99,92,58
700,Sylveon,Fairy,Fairy,Cute charm,Cute charm,Pixilate,95,65,65,110,130,60
701,Hawlucha,Fighting,Flying,Limber,Unburden,Mold breaker,78,92,75,74,63,118
702,Dedenne,Electric,Fairy,Cheek pouch,Pickup,Plus,67,58,57,81,67,101
703,Carbink,Rock,Fairy,Clear body,Clear body,Sturdy,50,50,150,50,150,50
704,Goomy,Dragon,Dragon,Sap sipper,Hydration,Gooey,45,50,35,55,75,40
705,Sliggoo,Dragon,Dragon,Sap sipper,Hydration,Gooey,68,75,53,83,113,60
706,Goodra,Dragon,Dragon,Sap sipper,Hydration,Gooey,90,100,70,110,150,80
707,Klefki,Steel,Fairy,Prankster,Prankster,Magician,57,80,91,80,87,75
708,Phantump,Ghost,Grass,Natural cure,Frisk,Harvest,43,70,48,50,60,38
709,Trevenant,Ghost,Grass,Natural cure,Frisk,Harvest,85,110,76,65,82,56
710,Pumpkaboo,Ghost,Grass,Pickup,Frisk,Insomnia,49,66,70,44,55,51
711,Gourgeist,Ghost,Grass,Pickup,Frisk,Insomnia,65,90,122,58,75,84
712,Bergmite,Ice,Ice,Own tempo,Ice body,Sturdy,55,69,85,32,35,28
713,Avalugg,Ice,Ice,Own tempo,Ice body,Sturdy,95,117,184,44,46,28
714,Noibat,Flying,Dragon,Frisk,Infiltrator,Telepathy,40,30,35,45,40,55
715,Noivern,Flying,Dragon,Frisk,Infiltrator,Telepathy,85,70,80,97,80,123
716,Xerneas,Fairy,Fairy,Fairy aura,Fairy aura,,126,131,95,131,98,99
717,Yveltal,Dark,Flying,Dark aura,Dark aura,,126,131,95,131,98,99
718,Zygarde,Dragon,Ground,Aura break,Aura break,,108,100,121,81,95,95
719,Diancie,Rock,Fairy,Clear body,Clear body,,50,100,150,100,150,50
720,Hoopa,Psychic,Ghost,Magician,Magician,,80,110,60,150,130,70
721,Volcanion,Fire,Water,Water absorb,Water absorb,,80,110,120,130,90,70
722,Rowlet,Grass,Flying,Overgrow,Overgrow,Long reach,68,55,55,50,50,42
723,Dartrix,Grass,Flying,Overgrow,Overgrow,Long reach,78,75,75,70,70,52
724,Decidueye,Grass,Ghost,Overgrow,Overgrow,Long reach,78,107,75,100,100,70
725,Litten,Fire,Fire,Blaze,Blaze,Intimidate,45,65,40,60,40,70
726,Torracat,Fire,Fire,Blaze,Blaze,Intimidate,65,85,50,80,50,90
727,Incineroar,Fire,Dark,Blaze,Blaze,Intimidate,95,115,90,80,90,60
728,Popplio,Water,Water,Torrent,Torrent,Liquid voice,50,54,54,66,56,40
729,Brionne,Water,Water,Torrent,Torrent,Liquid voice,60,69,69,91,81,50
730,Primarina,Water,Fairy,Torrent,Torrent,Liquid voice,80,74,74,126,116,60
731,Pikipek,Normal,Flying,Keen eye,Skill link,Pickup,35,75,30,30,30,65
732,Trumbeak,Normal,Flying,Keen eye,Skill link,Pickup,55,85,50,40,50,75
733,Toucannon,Normal,Flying,Keen eye,Skill link,Sheer force,80,120,75,75,75,60
734,Yungoos,Normal,Normal,Stakeout,Strong jaw,Adaptability,48,70,30,30,30,45
735,Gumshoos,Normal,Normal,Stakeout,Strong jaw,Adaptability,88,110,60,55,60,45
736,Grubbin,Bug,Bug,Swarm,Swarm,,47,62,45,55,45,46
737,Charjabug,Bug,Electric,Battery,Battery,,57,82,95,55,75,36
738,Vikavolt,Bug,Electric,Levitate,Levitate,,77,70,90,145,75,43
739,Crabrawler,Fighting,Fighting,Hyper cutter,Iron fist,Anger point,47,82,57,42,47,63
740,Crabominable,Fighting,Ice,Hyper cutter,Iron fist,Anger point,97,132,77,62,67,43
741,Oricorio,Fire,Flying,Dancer,Dancer,,75,70,70,98,70,93
742,Cutiefly,Bug,Fairy,Honey gather,Shield dust,Sweet veil,40,45,40,55,40,84
743,Ribombee,Bug,Fairy,Honey gather,Shield dust,Sweet veil,60,55,60,95,70,124
744,Rockruff,Rock,Rock,Keen eye,Vital spirit,Steadfast,45,65,40,30,40,60
745,Lycanroc,Rock,Rock,Keen eye,Sand rush,Steadfast,75,115,65,55,65,112
746,Wishiwashi,Water,Water,Schooling,Schooling,,45,20,20,25,25,40
747,Mareanie,Poison,Water,Merciless,Limber,Regenerator,50,53,62,43,52,45
748,Toxapex,Poison,Water,Merciless,Limber,Regenerator,50,63,152,53,142,35
749,Mudbray,Ground,Ground,Own tempo,Stamina,Inner focus,70,100,70,45,55,45
750,Mudsdale,Ground,Ground,Own tempo,Stamina,Inner focus,100,125,100,55,85,35
751,Dewpider,Water,Bug,Water bubble,Water bubble,Water absorb,38,40,52,40,72,27
752,Araquanid,Water,Bug,Water bubble,Water bubble,Water absorb,68,70,92,50,132,42
753,Fomantis,Grass,Grass,Leaf guard,Leaf guard,Contrary,40,55,35,50,35,35
754,Lurantis,Grass,Grass,Leaf guard,Leaf guard,Contrary,70,105,90,80,90,45
755,Morelull,Grass,Fairy,Illuminate,Effect spore,Rain dish,40,35,55,65,75,15
756,Shiinotic,Grass,Fairy,Illuminate,Effect spore,Rain dish,60,45,80,90,100,30
757,Salandit,Poison,Fire,Corrosion,Corrosion,Oblivious,48,44,40,71,40,77
758,Salazzle,Poison,Fire,Corrosion,Corrosion,Oblivious,68,64,60,111,60,117
759,Stufful,Normal,Fighting,Fluffy,Klutz,Cute charm,70,75,50,45,50,50
760,Bewear,Normal,Fighting,Fluffy,Klutz,Unnerve,120,125,80,55,60,60
761,Bounsweet,Grass,Grass,Leaf guard,Oblivious,Sweet veil,42,30,38,30,38,32
762,Steenee,Grass,Grass,Leaf guard,Oblivious,Sweet veil,52,40,48,40,48,62
763,Tsareena,Grass,Grass,Leaf guard,Queenly majesty,Sweet veil,72,120,98,50,98,72
764,Comfey,Fairy,Fairy,Flower veil,Triage,Natural cure,51,52,90,82,110,100
765,Oranguru,Normal,Psychic,Inner focus,Telepathy,Symbiosis,90,60,80,90,110,60
766,Passimian,Fighting,Fighting,Receiver,Receiver,Defiant,100,120,90,40,60,80
767,Wimpod,Bug,Water,Wimp out,Wimp out,,25,35,40,20,30,80
768,Golisopod,Bug,Water,Emergency exit,Emergency exit,,75,125,140,60,90,40
769,Sandygast,Ghost,Ground,Water compaction,Water compaction,Sand veil,55,55,80,70,45,15
770,Palossand,Ghost,Ground,Water compaction,Water compaction,Sand veil,85,75,110,100,75,35
771,Pyukumuku,Water,Water,Innards out,Innards out,Unaware,55,60,130,30,130,5
772,Type null,Normal,Normal,Battle armor,Battle armor,,95,95,95,95,95,59
773,Silvally,Normal,Normal,Rks system,Rks system,,95,95,95,95,95,95
774,Minior,Rock,Flying,Shields down,Shields down,,60,60,100,60,100,60
775,Komala,Normal,Normal,Comatose,Comatose,,65,115,65,75,95,65
776,Turtonator,Fire,Dragon,Shell armor,Shell armor,,60,78,135,91,85,36
777,Togedemaru,Electric,Steel,Iron barbs,Lightning rod,Sturdy,65,98,63,40,73,96
778,Mimikyu,Ghost,Fairy,Disguise,Disguise,,55,90,80,50,105,96
779,Bruxish,Water,Psychic,Dazzling,Strong jaw,Wonder skin,68,105,70,70,70,92
780,Drampa,Normal,Dragon,Berserk,Sap sipper,Cloud nine,78,60,85,135,91,36
781,Dhelmise,Ghost,Grass,Steelworker,Steelworker,,70,131,100,86,90,40
782,Jangmo o,Dragon,Dragon,Bulletproof,Soundproof,Overcoat,45,55,65,45,45,45
783,Hakamo o,Dragon,Fighting,Bulletproof,Soundproof,Overcoat,55,75,90,65,70,65
784,Kommo o,Dragon,Fighting,Bulletproof,Soundproof,Overcoat,75,110,125,100,105,85
785,Tapu koko,Electric,Fairy,Electric surge,Electric surge,Telepathy,70,115,85,95,75,130
786,Tapu lele,Psychic,Fairy,Psychic surge,Psychic surge,Telepathy,70,85,75,130,115,95
787,Tapu bulu,Grass,Fairy,Grassy surge,Grassy surge,Telepathy,70,130,115,85,95,75
788,Tapu fini,Water,Fairy,Misty surge,Misty surge,Telepathy,70,75,115,95,130,85
789,Cosmog,Psychic,Psychic,Unaware,Unaware,,43,29,31,29,31,37
790,Cosmoem,Psychic,Psychic,Sturdy,Sturdy,,43,29,131,29,131,37
791,Solgaleo,Psychic,Steel,Full metal body,Full metal body,,137,137,107,113,89,97
792,Lunala,Psychic,Ghost,Shadow shield,Shadow shield,,137,113,89,137,107,97
793,Nihilego,Rock,Poison,Beast boost,Beast boost,,109,53,47,127,131,103
794,Buzzwole,Bug,Fighting,Beast boost,Beast boost,,107,139,139,53,53,79
795,Pheromosa,Bug,Fighting,Beast boost,Beast boost,,71,137,37,137,37,151
796,Xurkitree,Electric,Electric,Beast boost,Beast boost,,83,89,71,173,71,83
797,Celesteela,Steel,Flying,Beast boost,Beast boost,,97,101,103,107,101,61
798,Kartana,Grass,Steel,Beast boost,Beast boost,,59,181,131,59,31,109
799,Guzzlord,Dark,Dragon,Beast boost,Beast boost,,223,101,53,97,53,43
800,Necrozma,Psychic,Psychic,Prism armor,Prism armor,,97,107,101,127,89,79
801,Magearna,Steel,Fairy,Soul heart,Soul heart,,80,95,115,130,115,65
802,Marshadow,Fighting,Ghost,Technician,Technician,,90,125,80,90,90,125
803,Poipole,Poison,Poison,Beast boost,Beast boost,,67,73,67,73,67,73
804,Naganadel,Poison,Dragon,Beast boost,Beast boost,,73,73,73,127,73,121
805,Stakataka,Rock,Steel,Beast boost,Beast boost,,61,131,211,53,101,13
806,Blacephalon,Fire,Ghost,Beast boost,Beast boost,,53,127,53,151,79,107
807,Zeraora,Electric,Electric,Volt absorb,Volt absorb,,88,112,75,102,80,143
808,Meltan,Steel,Steel,Magnet pull,Magnet pull,,46,65,65,55,35,34
809,Melmetal,Steel,Steel,Magnet pull,Magnet pull,,46,65,65,55,35,34
